Company,Website,Category,City
Aneol,https://www.aneol.com,company,Saint-Etienne
Avant-Goût Studios,http://www.avant-gout.com,company,Saint-Etienne
Axome,http://www.axome.com,company,Saint-Etienne
Benoît Philibert,http://www.bp-design.fr,company,Saint-Etienne
Cabaroc,http://cabaroc.com,company,Saint-Etienne
Chaudron du Web,http://www.chaudronduweb.fr,company,Saint-Etienne
Claire Reynaud,http://www.clairereynaud.net,company,Saint-Etienne
DFX,https://www.dfx.fr,company,Saint-Etienne
Digital Lift,http://digitallift.fr,company,Saint-Etienne
HigherEdMe,http://www.higheredme.com,product,Saint-Etienne
KOSMOSS,http://www.kosmoss.fr,company,"Saint-Etienne, Lyon"
Laurent Holdrinet,http://phgraphics.net,company,Saint-Etienne
Les Imageurs,http://www.imageurs.com,company,Saint-Etienne
Nateev,http://www.nateev.fr,company,Saint-Chamond
Nereo,https://nereo.com/,product,Saint-Etienne
Ninja Squad,http://ninja-squad.fr,company,Saint-Etienne
Object23,http://www.object23.fr,company,Saint-Etienne
Qiova,http://www.qiova.fr,product,Saint-Etienne
Situation,http://situation.io,product,Saint-Etienne
Strime,https://www.strime.io,product,Saint-Etienne
